[
  {
    "user_price": 32,
    "district": "Chennai",
    "market": "Koyambedu Market",
    "contact": "+91 9876543210",
    "timestamp": "2024-12-22T14:30:00",
    "status": "pending"
  },
  {
    "user_price": 29,
    "district": "Coimbatore",
    "market": "Gandhipuram Market",
    "contact": "+91 9876543211",
    "timestamp": "2024-12-22T15:45:00",
    "status": "pending"
  },
  {
    "user_price": 28,
    "district": "Madurai",
    "market": "Mattuthavani Market",
    "contact": "+91 9876543212",
    "timestamp": "2024-12-23T09:20:00",
    "status": "approved"
  },
  {
    "user_price": 30,
    "district": "Thanjavur",
    "market": "Thanjavur Mandi",
    "contact": "+91 9876543213",
    "timestamp": "2024-12-23T10:10:00",
    "status": "pending"
  }
]